System,3dB Method,Sionna Method,1st Slope Method
BL (no RAPP),-11.290500423782605,-12.434789569731294,-60.54173660910212
BL (p=1),-10.94118587752444,-12.366879744919162,-53.53353144582506
BL (p=2),-10.900552830678611,-12.342321810556655,-55.69238147417344
BL (p=3),-10.744510855999483,-12.438496478270778,-54.1679529771126
E2E (no RAPP),-11.059274552133438,-12.349379628186025,-60.29207864849088
E2E (p=1),-10.886648144116169,-12.342150834029397,-53.013966064515955
E2E (p=2),-10.702285336423895,-12.36031508054712,-55.3581196926
E2E (p=3),-11.236651223284895,-12.399650119730886,-53.56887409687162
